01. Ano,02. Nome País (Europa),03. Nome Região (Portugal),04. Filtro 1,05. Filtro 2,06. Filtro 3,07. Escala,08. Símbolo,09. Valor
1960,,Portugal,,,,,,495
1961,,Portugal,,,,,,516
1962,,Portugal,,,,,,578
1963,,Portugal,,,,,,598
1964,,Portugal,,,,,,651
1965,,Portugal,,,,,,758
1966,,Portugal,,,,,,812
1967,,Portugal,,,,,,911
1968,,Portugal,,,,,,983
1969,,Portugal,,,,,,1051
1970,,Portugal,,,,,,1187
1971,,Portugal,,,,,,1375
1972,,Portugal,,,,,,1621
1973,,Portugal,,,,,,1916
1974,,Portugal,,,,,,2276
1975,,Portugal,,,,,,2619
1976,,Portugal,,,,,,3133
1977,,Portugal,,,,,,4037
1978,,Portugal,,,,,,4982
1979,,Portugal,,,,,,6329
1980,,Portugal,,,,,,8244
1981,,Portugal,,,,,,9834
1982,,Portugal,,,,,,11758
1983,,Portugal,,,,,,14962
1984,,Portugal,,,,,,18269
1985,,Portugal,,,,,,22485
1986,,Portugal,,,,,,27774
1987,,Portugal,,,,,,33123
1988,,Portugal,,,,,,39732
1989,,Portugal,,,,,,47045
1990,,Portugal,,,,,,56681
1991,,Portugal,,,,,,65077
1992,,Portugal,,,,,,73463
1993,,Portugal,,,,,,76654
1994,,Portugal,,,,,,82765
1995,,Portugal,,,,,,89721
1995,Alemanha,,,,,,,1980476
1995,Áustria,,,,,,,182926
1995,Bélgica,,,,,,,225088
1995,Bulgária,,,,,,,14423
1995,Chéquia,,,,,,,45975
1995,Chipre,,,,,,,7545
1995,Croácia,,,,,,,17505
1995,Dinamarca,,,,,,,138768
1995,Eslováquia,,,,,,,15604
1995,Eslovénia,,,,,,,16433
1995,Espanha,,,,,,,470063
1995,Estónia,,,,,,,2988
1995,Finlândia,,,,,,,99544
1995,França,,,,,,,1225261
1995,Grécia,,,,,,,105256
1995,Hungria,,,,,,,34116
1995,Irlanda,,,,,,,48412
1995,Itália,,,,,,,889468
1995,Letónia,,,,,,,4038
1995,Lituânia,,,,,,,5148
1995,Luxemburgo,,,,,,,14538
1995,Malta,,,,,,,2903
1995,Países Baixos,,,,,,,344141
1995,Polónia,,,,,,,107722
1995,Portugal,,,,,,,91724
1995,Roménia,,,,,,,28326
1995,Suécia,,,,,,,200914
1995,União Europeia 27,,,,,,x,
1996,,Portugal,,,,,,94906
1996,Alemanha,,,,,,,1975545
1996,Áustria,,,,,,,185837
1996,Bélgica,,,,,,,225081
1996,Bulgária,,,,,,,8766
1996,Chéquia,,,,,,,52625
1996,Chipre,,,,,,,7856
1996,Croácia,,,,,,,19130
1996,Dinamarca,,,,,,,144828
1996,Eslováquia,,,,,,,17353
1996,Eslovénia,,,,,,,16962
1996,Espanha,,,,,,,504388
1996,Estónia,,,,,,,3768
1996,Finlândia,,,,,,,101685
1996,França,,,,,,,1271480
1996,Grécia,,,,,,,113734
1996,Hungria,,,,,,,35256
1996,Irlanda,,,,,,,54964
1996,Itália,,,,,,,1025608
1996,Letónia,,,,,,,4595
1996,Lituânia,,,,,,,6571
1996,Luxemburgo,,,,,,,14549
1996,Malta,,,,,,,3059
1996,Países Baixos,,,,,,,355262
1996,Polónia,,,,,,,125849
1996,Portugal,,,,,,,97194
1996,Roménia,,,,,,,28737
1996,Suécia,,,,,,,226701
1996,União Europeia 27,,,,,,x,
1997,,Portugal,,,,,,102192
1997,Alemanha,,,,,,,1954798
1997,Áustria,,,,,,,186044
1997,Bélgica,,,,,,,228460
1997,Bulgária,,,,,,,9713
1997,Chéquia,,,,,,,54351
1997,Chipre,,,,,,,8063
1997,Croácia,,,,,,,21281
1997,Dinamarca,,,,,,,150120
1997,Eslováquia,,,,,,,19471
1997,Eslovénia,,,,,,,18280
1997,Espanha,,,,,,,517951
1997,Estónia,,,,,,,4422
1997,Finlândia,,,,,,,110315
1997,França,,,,,,,1295838
1997,Grécia,,,,,,,124287
1997,Hungria,,,,,,,39349
1997,Irlanda,,,,,,,66236
1997,Itália,,,,,,,1094028
1997,Letónia,,,,,,,5637
1997,Lituânia,,,,,,,8798
1997,Luxemburgo,,,,,,,15299
1997,Malta,,,,,,,3400
1997,Países Baixos,,,,,,,366882
1997,Polónia,,,,,,,140097
1997,Portugal,,,,,,,103167
1997,Roménia,,,,,,,31138
1997,Suécia,,,,,,,233819
1997,União Europeia 27,,,,,,x,
1998,,Portugal,,,,,,111029
1998,Alemanha,,,,,,,1997112
1998,Áustria,,,,,,,192762
1998,Bélgica,,,,,,,236626
1998,Bulgária,,,,,,,13120
1998,Chéquia,,,,,,,59283
1998,Chipre,,,,,,,9488
1998,Croácia,,,,,,,22794
1998,Dinamarca,,,,,,,155794
1998,Eslováquia,,,,,,,20454
1998,Eslovénia,,,,,,,19676
1998,Espanha,,,,,,,548557
1998,Estónia,,,,,,,4991
1998,Finlândia,,,,,,,117384
1998,França,,,,,,,1356141
1998,Grécia,,,,,,,126404
1998,Hungria,,,,,,,40778
1998,Irlanda,,,,,,,72512
1998,Itália,,,,,,,1130690
1998,Letónia,,,,,,,6273
1998,Lituânia,,,,,,,9846
1998,Luxemburgo,,,,,,,16848
1998,Malta,,,,,,,3580
1998,Países Baixos,,,,,,,384613
1998,Polónia,,,,,,,154510
1998,Portugal,,,,,,,110361
1998,Roménia,,,,,,,36607
1998,Suécia,,,,,,,239974
1998,União Europeia 27,,,,,,x,
1999,,Portugal,,,,,,119213
1999,Alemanha,,,,,,,2062143
1999,Áustria,,,,,,,199835
1999,Bélgica,,,,,,,247952
1999,Bulgária,,,,,,,12646
1999,Chéquia,,,,,,,60337
1999,Chipre,,,,,,,9176
1999,Croácia,,,,,,,21737
1999,Dinamarca,,,,,,,165141
1999,Eslováquia,,,,,,,19453
1999,Eslovénia,,,,,,,21114
1999,Espanha,,,,,,,589757
1999,Estónia,,,,,,,5309
1999,Finlândia,,,,,,,125618
1999,França,,,,,,,1424128
1999,Grécia,,,,,,,136449
1999,Hungria,,,,,,,43164
1999,Irlanda,,,,,,,80932
1999,Itália,,,,,,,1175260
1999,Letónia,,,,,,,6784
1999,Lituânia,,,,,,,10095
1999,Luxemburgo,,,,,,,18096
1999,Malta,,,,,,,3944
1999,Países Baixos,,,,,,,417481
1999,Polónia,,,,,,,159310
1999,Portugal,,,,,,,119213
1999,Roménia,,,,,,,33287
1999,Suécia,,,,,,,256962
1999,União Europeia 27,,,,,,x,
2000,,Portugal,,,,,,126333
2000,Alemanha,,,,,,,2116990
2000,Áustria,,,,,,,210547
2000,Bélgica,,,,,,,262984
2000,Bulgária,,,,,,,14105
2000,Chéquia,,,,,,,66105
2000,Chipre,,,,,,,9730
2000,Croácia,,,,,,,23211
2000,Dinamarca,,,,,,,173841
2000,Eslováquia,,,,,,,22275
2000,Eslovénia,,,,,,,21673
2000,Espanha,,,,,,,642937
2000,Estónia,,,,,,,5945
2000,Finlândia,,,,,,,135536
2000,França,,,,,,,1498367
2000,Grécia,,,,,,,139192
2000,Hungria,,,,,,,48351
2000,Irlanda,,,,,,,94581
2000,Itália,,,,,,,1240005
2000,Letónia,,,,,,,8407
2000,Lituânia,,,,,,,12280
2000,Luxemburgo,,,,,,,20542
2000,Malta,,,,,,,4259
2000,Países Baixos,,,,,,,448608
2000,Polónia,,,,,,,186871
2000,Portugal,,,,,,,126333
2000,Roménia,,,,,,,40256
2000,Suécia,,,,,,,285433
2000,União Europeia 27,,,,,,x,
2001,,Portugal,,,,,,133447
2001,Alemanha,,,,,,,2179581
2001,Áustria,,,,,,,216357
2001,Bélgica,,,,,,,269280
2001,Bulgária,,,,,,,15944
2001,Chéquia,,,,,,,73939
2001,Chipre,,,,,,,10795
2001,Croácia,,,,,,,25425
2001,Dinamarca,,,,,,,181432
2001,Eslováquia,,,,,,,23880
2001,Eslovénia,,,,,,,22999
2001,Espanha,,,,,,,691256
2001,Estónia,,,,,,,6666
2001,Finlândia,,,,,,,144560
2001,França,,,,,,,1559327
2001,Grécia,,,,,,,147814
2001,Hungria,,,,,,,56623
2001,Irlanda,,,,,,,104293
2001,Itália,,,,,,,1304631
2001,Letónia,,,,,,,9210
2001,Lituânia,,,,,,,13506
2001,Luxemburgo,,,,,,,21454
2001,Malta,,,,,,,4617
2001,Países Baixos,,,,,,,470840
2001,Polónia,,,,,,,213348
2001,Portugal,,,,,,,133447
2001,Roménia,,,,,,,44801
2001,Suécia,,,,,,,270891
2001,União Europeia 27,,,,,,x,
2002,,Portugal,,,,,,140396
2002,Alemanha,,,,,,,2199958
2002,Áustria,,,,,,,223772
2002,Bélgica,,,,,,,277978
2002,Bulgária,,,,,,,17879
2002,Chéquia,,,,,,,84654
2002,Chipre,,,,,,,11396
2002,Croácia,,,,,,,28310
2002,Dinamarca,,,,,,,187596
2002,Eslováquia,,,,,,,26230
2002,Eslovénia,,,,,,,24462
2002,Espanha,,,,,,,741252
2002,Estónia,,,,,,,7477
2002,Finlândia,,,,,,,148890
2002,França,,,,,,,1596451
2002,Grécia,,,,,,,159814
2002,Hungria,,,,,,,67750
2002,Irlanda,,,,,,,114021
2002,Itália,,,,,,,1349499
2002,Letónia,,,,,,,9858
2002,Lituânia,,,,,,,15017
2002,Luxemburgo,,,,,,,21239
2002,Malta,,,,,,,4803
2002,Países Baixos,,,,,,,488497
2002,Polónia,,,,,,,210917
2002,Portugal,,,,,,,140396
2002,Roménia,,,,,,,48183
2002,Suécia,,,,,,,285050
2002,União Europeia 27,,,,,,,8465045
2003,,Portugal,,,,,,144603
2003,Alemanha,,,,,,r,2217768
2003,Áustria,,,,,,,229959
2003,Bélgica,,,,,,,286570
2003,Bulgária,,,,,,,19100
2003,Chéquia,,,,,,,85985
2003,Chipre,,,,,,,12112
2003,Croácia,,,,,,,30043
2003,Dinamarca,,,,,,,191911
2003,Eslováquia,,,,,,,28469
2003,Eslovénia,,,,,,,25725
2003,Espanha,,,,,,,796101
2003,Estónia,,,,,,,8284
2003,Finlândia,,,,,,,150820
2003,França,,,,,,,1645592
2003,Grécia,,,,,,,173101
2003,Hungria,,,,,,,71199
2003,Irlanda,,,,,,,125505
2003,Itália,,,,,,,1392662
2003,Letónia,,,,,,,9978
2003,Lituânia,,,,,,,16262
2003,Luxemburgo,,,,,,,21481
2003,Malta,,,,,,,4822
2003,Países Baixos,,,,,,,508582
2003,Polónia,,,,,,,191644
2003,Portugal,,,,,,,144603
2003,Roménia,,,,,,,49891
2003,Suécia,,,,,,,301110
2003,União Europeia 27,,,,,,,8720300
2004,,Portugal,,,,,,150335
2004,Alemanha,,,,,,r,2306852
2004,Áustria,,,,,,,240208
2004,Bélgica,,,,,,,300941
2004,Bulgária,,,,,,,21369
2004,Chéquia,,,,,,,92250
2004,Chipre,,,,,,,11939
2004,Croácia,,,,,,,33276
2004,Dinamarca,,,,,,,203165
2004,Eslováquia,,,,,,,33289
2004,Eslovénia,,,,,,,27097
2004,Espanha,,,,,,,852042
2004,Estónia,,,,,,,9311
2004,Finlândia,,,,,,,159858
2004,França,,,,,,,1721295
2004,Grécia,,,,,,,187527
2004,Hungria,,,,,,,78729
2004,Irlanda,,,,,,,134878
2004,Itália,,,,,,,1454954
2004,Letónia,,,,,,,10988
2004,Lituânia,,,,,,,17886
2004,Luxemburgo,,,,,,,24821
2004,Malta,,,,,,,4942
2004,Países Baixos,,,,,,,524083
2004,Polónia,,,,,,,200750
2004,Portugal,,,,,,,150335
2004,Roménia,,,,,,,57843
2004,Suécia,,,,,,,311516
2004,União Europeia 27,,,,,,,9164745
2005,,Portugal,,,,,,156447
2005,Alemanha,,,,,,r,2344715
2005,Áustria,,,,,,,251817
2005,Bélgica,,,,,,,313911
2005,Bulgária,,,,,,,24017
2005,Chéquia,,,,,,,105322
2005,Chipre,,,,,,,12824
2005,Croácia,,,,,,,36037
2005,Dinamarca,,,,,,,215097
2005,Eslováquia,,,,,,,38234
2005,Eslovénia,,,,,,,28641
2005,Espanha,,,,,,,915313
2005,Estónia,,,,,,,10925
2005,Finlândia,,,,,,,165353
2005,França,,,,,,,1794005
2005,Grécia,,,,,,,192079
2005,Hungria,,,,,,,85341
2005,Irlanda,,,,,,,147493
2005,Itália,,,,,,,1501420
2005,Letónia,,,,,,,13084
2005,Lituânia,,,,,,,20637
2005,Luxemburgo,,,,,,,26312
2005,Malta,,,,,,,4912
2005,Países Baixos,,,,,,,545449
2005,Polónia,,,,,,,242913
2005,Portugal,,,,,,,156447
2005,Roménia,,,,,,,76870
2005,Suécia,,,,,,,319718
2005,União Europeia 27,,,,,,,9571450
2006,,Portugal,,,,,,161538
2006,Alemanha,,,,,,r,2466843
2006,Áustria,,,,,,,266559
2006,Bélgica,,,,,,,329828
2006,Bulgária,,,,,,,26738
2006,Chéquia,,,,,,,116806
2006,Chipre,,,,,,,13537
2006,Croácia,,,,,,,39679
2006,Dinamarca,,,,,,,228662
2006,Eslováquia,,,,,,,44323
2006,Eslovénia,,,,,,,30905
2006,Espanha,,,,,,,986357
2006,Estónia,,,,,,,12902
2006,Finlândia,,,,,,,174434
2006,França,,,,,,,1884789
2006,Grécia,,,,,,,209873
2006,Hungria,,,,,,,86378
2006,Irlanda,,,,,,,162161
2006,Itália,,,,,,,1566007
2006,Letónia,,,,,,,16015
2006,Lituânia,,,,,,,23513
2006,Luxemburgo,,,,,,,25971
2006,Malta,,,,,,,5180
2006,Países Baixos,,,,,,,583292
2006,Polónia,,,,,,,269740
2006,Portugal,,,,,,,161538
2006,Roménia,,,,,,,93936
2006,Suécia,,,,,,,345729
2006,União Europeia 27,,,,,,,10146450
2007,,Portugal,,,,,,170442
2007,Alemanha,,,,,,r,2578868
2007,Áustria,,,,,,,281922
2007,Bélgica,,,,,,,348399
2007,Bulgária,,,,,,,30296
2007,Chéquia,,,,,,,129946
2007,Chipre,,,,,,,13496
2007,Croácia,,,,,,,43527
2007,Dinamarca,,,,,,,235116
2007,Eslováquia,,,,,,,54790
2007,Eslovénia,,,,,,,34131
2007,Espanha,,,,,,,1051068
2007,Estónia,,,,,,,15340
2007,Finlândia,,,,,,,187606
2007,França,,,,,,,1978481
2007,Grécia,,,,,,,222947
2007,Hungria,,,,,,,94639
2007,Irlanda,,,,,,,170376
2007,Itália,,,,,,,1622958
2007,Letónia,,,,,,,20915
2007,Lituânia,,,,,,,27899
2007,Luxemburgo,,,,,,,30087
2007,Malta,,,,,,,5629
2007,Países Baixos,,,,,,,614982
2007,Polónia,,,,,,,303870
2007,Portugal,,,,,,,170442
2007,Roménia,,,,,,,124740
2007,Suécia,,,,,,,368982
2007,União Europeia 27,,,,,,,10768090
2008,,Portugal,,,,,,173077
2008,Alemanha,,,,,,r,2613998
2008,Áustria,,,,,,,294296
2008,Bélgica,,,,,,,360298
2008,Bulgária,,,,,,,35631
2008,Chéquia,,,,,,,151979
2008,Chipre,,,,,,,18698
2008,Croácia,,,,,,,47223
2008,Dinamarca,,,,,,,245415
2008,Eslováquia,,,,,,,64882
2008,Eslovénia,,,,,,,36749
2008,Espanha,,,,,,,1081527
2008,Estónia,,,,,,,15750
2008,Finlândia,,,,,,,194579
2008,França,,,,,,,2035400
2008,Grécia,,,,,,,231183
2008,Hungria,,,,,,,101250
2008,Irlanda,,,,,,,162116
2008,Itália,,,,,,,1628554
2008,Letónia,,,,,,,23044
2008,Lituânia,,,,,,,31651
2008,Luxemburgo,,,,,,,30574
2008,Malta,,,,,,,6080
2008,Países Baixos,,,,,,,619366
2008,Polónia,,,,,,,361292
2008,Portugal,,,,,,,173077
2008,Roménia,,,,,,,144297
2008,Suécia,,,,,,,365189
2008,União Europeia 27,,,,,,,11023849
2009,,Portugal,,,,,,169409
2009,Alemanha,,,,,,r,2549922
2009,Áustria,,,,,,,286149
2009,Bélgica,,,,,,Quebra de série,354547
2009,Bulgária,,,,,,,36701
2009,Chéquia,,,,,,,138926
2009,Chipre,,,,,,,18623
2009,Croácia,,,,,,,44326
2009,Dinamarca,,,,,,,234576
2009,Eslováquia,,,,,,,63700
2009,Eslovénia,,,,,,,35229
2009,Espanha,,,,,,,1052385
2009,Estónia,,,,,,,13702
2009,Finlândia,,,,,,,183992
2009,França,,,,,,,1982210
2009,Grécia,,,,,,,228672
2009,Hungria,,,,,,,90374
2009,Irlanda,,,,,,,141616
2009,Itália,,,,,,,1582983
2009,Letónia,,,,,,,19725
2009,Lituânia,,,,,,,27581
2009,Luxemburgo,,,,,,,27843
2009,Malta,,,,,,,5866
2009,Países Baixos,,,,,,,607709
2009,Polónia,,,,,,,308427
2009,Portugal,,,,,,,169409
2009,Roménia,,,,,,,124333
2009,Suécia,,,,,,,320594
2009,União Europeia 27,,,,,,,10641536
2010,,Portugal,,,,,,174100
2010,Alemanha,,,,,,r,2667780
2010,Áustria,,,,,,,296526
2010,Bélgica,,,,,,,368777
2010,Bulgária,,,,,,,37481
2010,Chéquia,,,,,,,147147
2010,Chipre,,,,,,,19183
2010,Croácia,,,,,,,44580
2010,Dinamarca,,,,,,,247407
2010,Eslováquia,,,,,,,67248
2010,Eslovénia,,,,,,,35569
2010,Espanha,,,,,,,1061402
2010,Estónia,,,,,,,13949
2010,Finlândia,,,,,,,190607
2010,França,,,,,,,2044795
2010,Grécia,,,,,,,218634
2010,Hungria,,,,,,,94987
2010,Irlanda,,,,,,,140759
2010,Itália,,,,,,,1614415
2010,Letónia,,,,,,,17752
2010,Lituânia,,,,,,,27481
2010,Luxemburgo,,,,,,,28817
2010,Malta,,,,,,,6459
2010,Países Baixos,,,,,,,639796
2010,Polónia,,,,,,,348785
2010,Portugal,,,,,,,174100
2010,Roménia,,,,,,,127934
2010,Suécia,,,,,,,383359
2010,União Europeia 27,,,,,,,11063682
2011,,Portugal,,,,,,173191
2011,Alemanha,,,,,,r,2817570
2011,Áustria,,,,,,,309213
2011,Bélgica,,,,,,,379344
2011,Bulgária,,,,,,,40169
2011,Chéquia,,,,,,,153268
2011,Chipre,,,,,,,20379
2011,Croácia,,,,,,,44460
2011,Dinamarca,,,,,,,253332
2011,Eslováquia,,,,,,,69131
2011,Eslovénia,,,,,,,36279
2011,Espanha,,,,,,,1049903
2011,Estónia,,,,,,,15890
2011,Finlândia,,,,,,,198501
2011,França,,,,,,,2119538
2011,Grécia,,,,,,,197842
2011,Hungria,,,,,,,97245
2011,Irlanda,,,,,,,141449
2011,Itália,,,,,,,1653109
2011,Letónia,,,,,,,19002
2011,Lituânia,,,,,,,30150
2011,Luxemburgo,,,,,,,30725
2011,Malta,,,,,,,6743
2011,Países Baixos,,,,,,,655331
2011,Polónia,,,,,,,365928
2011,Portugal,,,,,,,173191
2011,Roménia,,,,,,,138020
2011,Suécia,,,,,,,419589
2011,União Europeia 27,,,,,,,11421959
2012,,Portugal,,,,,,164756
2012,Alemanha,,,,,,r,2866925
2012,Áustria,,,,,,,316912
2012,Bélgica,,,,,,,396693
2012,Bulgária,,,,,,,41680
2012,Chéquia,,,,,,,153597
2012,Chipre,,,,,,,19359
2012,Croácia,,,,,,,43413
2012,Dinamarca,,,,,,,260049
2012,Eslováquia,,,,,,,72439
2012,Eslovénia,,,,,,,35372
2012,Espanha,,,,,,,1027551
2012,Estónia,,,,,,,17344
2012,Finlândia,,,,,,,201275
2012,França,,,,,,,2136829
2012,Grécia,,,,,,,186361
2012,Hungria,,,,,,,95961
2012,Irlanda,,,,,,,143312
2012,Itália,,,,,,,1630835
2012,Letónia,,,,,,,21116
2012,Lituânia,,,,,,,32201
2012,Luxemburgo,,,,,,,35738
2012,Malta,,,,,,,7117
2012,Países Baixos,,,,,,,652457
2012,Polónia,,,,,,,372639
2012,Portugal,,,,,,,164756
2012,Roménia,,,,,,,138256
2012,Suécia,,,,,,,437913
2012,União Europeia 27,,,,,,,11471600
2013,,Portugal,,,,,,168218
2013,Alemanha,,,,,,r,2933815
2013,Áustria,,,,,,,322046
2013,Bélgica,,,,,,,403682
2013,Bulgária,,,,,,,41115
2013,Chéquia,,,,,,,150638
2013,Chipre,,,,,,,17804
2013,Croácia,,,,,,,43894
2013,Dinamarca,,,,,,,267724
2013,Eslováquia,,,,,,,74034
2013,Eslovénia,,,,,,,35559
2013,Espanha,,,,,,,1019059
2013,Estónia,,,,,,,18705
2013,Finlândia,,,,,,,204650
2013,França,,,,,,,2170967
2013,Grécia,,,,,,,176768
2013,Hungria,,,,,,,99393
2013,Irlanda,,,,,,,154373
2013,Itália,,,,,,,1618474
2013,Letónia,,,,,,,21946
2013,Lituânia,,,,,,,34116
2013,Luxemburgo,,,,,,,35223
2013,Malta,,,,,,,7518
2013,Países Baixos,,,,,,,661973
2013,Polónia,,,,,,,375579
2013,Portugal,,,,,,,168218
2013,Roménia,,,,,,,140765
2013,Suécia,,,,,,,449918
2013,União Europeia 27,,,,,,,11614663
2014,,Portugal,,,,,,169632
2014,Alemanha,,,,,,r,3047117
2014,Áustria,,,,,,,330471
2014,Bélgica,,,,,,,413174
2014,Bulgária,,,,,,,42974
2014,Chéquia,,,,,,,148426
2014,Chipre,,,,,,,17006
2014,Croácia,,,,,,,43538
2014,Dinamarca,,,,,,,275282
2014,Eslováquia,,,,,,,75673
2014,Eslovénia,,,,,,,36935
2014,Espanha,,,,,,,1035264
2014,Estónia,,,,,,,19814
2014,Finlândia,,,,,,,208093
2014,França,,,,,,,2202360
2014,Grécia,,,,,,,175730
2014,Hungria,,,,,,,101706
2014,Irlanda,,,,,,,169553
2014,Itália,,,,,,,1635872
2014,Letónia,,,,,,,22818
2014,Lituânia,,,,,,,35984
2014,Luxemburgo,,,,,,,37621
2014,Malta,,,,,,,8280
2014,Países Baixos,,,,,,,672752
2014,Polónia,,,,,,,393067
2014,Portugal,,,,,,,169632
2014,Roménia,,,,,,,149694
2014,Suécia,,,,,,,444759
2014,União Europeia 27,,,,,,,11861237
2015,,Portugal,,,,,,174745
2015,Alemanha,,,,,,r,3147913
2015,Áustria,,,,,,,338594
2015,Bélgica,,,,,,,421387
2015,Bulgária,,,,,,,44403
2015,Chéquia,,,,,,,158005
2015,Chipre,,,,,,,17823
2015,Croácia,,,,,,,45205
2015,Dinamarca,,,,,,,280589
2015,Eslováquia,,,,,,,78389
2015,Eslovénia,,,,,,,37328
2015,Espanha,,,,,,,1086262
2015,Estónia,,,,,,,20566
2015,Finlândia,,,,,,,212048
2015,França,,,,,,,2245951
2015,Grécia,,,,,,,174015
2015,Hungria,,,,,,,107559
2015,Irlanda,,,,,,,211796
2015,Itália,,,,,,,1651773
2015,Letónia,,,,,,,23623
2015,Lituânia,,,,,,,36110
2015,Luxemburgo,,,,,,,34842
2015,Malta,,,,,,,9513
2015,Países Baixos,,,,,,,688819
2015,Polónia,,,,,,,416257
2015,Portugal,,,,,,,174745
2015,Roménia,,,,,,,158528
2015,Suécia,,,,,,,455562
2015,União Europeia 27,,,,,,,12259034
2016,,Portugal,,,,,,182144
2016,Alemanha,,,,,,r,3286883
2016,Áustria,,,,,,,355513
2016,Bélgica,,,,,,,432309
2016,Bulgária,,,,,,,47232
2016,Chéquia,,,,,,,165832
2016,Chipre,,,,,,,18260
2016,Croácia,,,,,,,46504
2016,Dinamarca,,,,,,,289353
2016,Eslováquia,,,,,,,79460
2016,Eslovénia,,,,,,,39092
2016,Espanha,,,,,,,1124777
2016,Estónia,,,,,,,21727
2016,Finlândia,,,,,,,216652
2016,França,,,,,,,2276855
2016,Grécia,,,,,,,172476
2016,Hungria,,,,,,,113612
2016,Irlanda,,,,,,,225029
2016,Itália,,,,,,,1709475
2016,Letónia,,,,,,,24464
2016,Lituânia,,,,,,,37459
2016,Luxemburgo,,,,,,,37244
2016,Malta,,,,,,,9656
2016,Países Baixos,,,,,,,699060
2016,Polónia,,,,,,,410955
2016,Portugal,,,,,,,182144
2016,Roménia,,,,,,,165126
2016,Suécia,,,,,,,465124
2016,União Europeia 27,,,,,,,12635754
2017,,Portugal,,,,,,191142
2017,Alemanha,,,,,,r,3417850
2017,Áustria,,,,,,,363814
2017,Bélgica,,,,,,,447361
2017,Bulgária,,,,,,,51169
2017,Chéquia,,,,,,,184241
2017,Chipre,,,,,,,19696
2017,Croácia,,,,,,,49868
2017,Dinamarca,,,,,,,300825
2017,Eslováquia,,,,,,,83392
2017,Eslovénia,,,,,,,41991
2017,Espanha,,,,,,,1169530
2017,Estónia,,,,,,,23754
2017,Finlândia,,,,,,,224772
2017,França,,,,,,,2338148
2017,Grécia,,,,,,,175296
2017,Hungria,,,,,,,122250
2017,Irlanda,,,,,,,242054
2017,Itália,,,,,,,1753904
2017,Letónia,,,,,,,25943
2017,Lituânia,,,,,,,40766
2017,Luxemburgo,,,,,,,41632
2017,Malta,,,,,,,11608
2017,Países Baixos,,,,,,,737845
2017,Polónia,,,,,,,449099
2017,Portugal,,,,,,,191142
2017,Roménia,,,,,,,183605
2017,Suécia,,,,,,,481594
2017,União Europeia 27,,,,,,,13178491
2018,,Portugal,,,,,,200117
2018,Alemanha,,,,,,r,3569102
2018,Áustria,,,,,,,379271
2018,Bélgica,,,,,,,464133
2018,Bulgária,,,,,,,54087
2018,Chéquia,,,,,,,201300
2018,Chipre,,,,,,,21020
2018,Croácia,,,,,,,52330
2018,Dinamarca,,,,,,,309442
2018,Eslováquia,,,,,,,88808
2018,Eslovénia,,,,,,,44939
2018,Espanha,,,,,,,1212712
2018,Estónia,,,,,,,25903
2018,Finlândia,,,,,,,232840
2018,França,,,,,,,2408589
2018,Grécia,,,,,,,177262
2018,Hungria,,,,,,,131484
2018,Irlanda,,,,,,,253999
2018,Itália,,,,,,,1796894
2018,Letónia,,,,,,,27689
2018,Lituânia,,,,,,,44565
2018,Luxemburgo,,,,,,,43081
2018,Malta,,,,,,,12422
2018,Países Baixos,,,,,,,783377
2018,Polónia,,,,,,,482627
2018,Portugal,,,,,,,200117
2018,Roménia,,,,,,,203064
2018,Suécia,,,,,,,474198
2018,União Europeia 27,,,,,,,13659438
2019,,Portugal,,,,,,209401
2019,Alemanha,,,,,,r,3668219
2019,Áustria,,,,,,,394808
2019,Bélgica,,,,,,,483487
2019,Bulgária,,,,,,,59386
2019,Chéquia,,,,,,,215226
2019,Chipre,,,,,,,22147
2019,Croácia,,,,,,,55402
2019,Dinamarca,,,,,,,317517
2019,Eslováquia,,,,,,,92243
2019,Eslovénia,,,,,,,47568
2019,Espanha,,,,,,,1254915
2019,Estónia,,,,,,,27921
2019,Finlândia,,,,,,,239368
2019,França,,,,,,,2504831
2019,Grécia,,,,,,,182466
2019,Hungria,,,,,,,143851
2019,Irlanda,,,,,,,274357
2019,Itália,,,,,,,1818447
2019,Letónia,,,,,,,29149
2019,Lituânia,,,,,,,47717
2019,Luxemburgo,,,,,,,42790
2019,Malta,,,,,,,13219
2019,Países Baixos,,,,,,,812178
2019,Polónia,,,,,,,516191
2019,Portugal,,,,,,,209401
2019,Roménia,,,,,,,222388
2019,Suécia,,,,,,,487996
2019,União Europeia 27,,,,,,,14140735
2020,,Portugal,,,,,,198143
2020,Alemanha,,,,,,r,3538386
2020,Áustria,,,,,,,384503
2020,Bélgica,,,,,,,467902
2020,Bulgária,,,,,,,59676
2020,Chéquia,,,,,,,208942
2020,Chipre,,,,,,,20872
2020,Croácia,,,,,,,51290
2020,Dinamarca,,,,,,,322216
2020,Eslováquia,,,,,,,93448
2020,Eslovénia,,,,,,,46654
2020,Espanha,,,,,,,1131273
2020,Estónia,,,,,,,27464
2020,Finlândia,,,,,,,239986
2020,França,,,,,,,2364936
2020,Grécia,,,,,,,165847
2020,Hungria,,,,,,,135949
2020,Irlanda,,,,,,,279508
2020,Itália,,,,,,,1691268
2020,Letónia,,,,,,,29237
2020,Lituânia,,,,,,,48918
2020,Luxemburgo,,,,,,,44718
2020,Malta,,,,,,,12724
2020,Países Baixos,,,,,,,792981
2020,Polónia,,,,,,,512315
2020,Portugal,,,,,,,198143
2020,Roménia,,,,,,,218582
2020,Suécia,,,,,,,495133
2020,União Europeia 27,,,,,,,13574523
2021,,Portugal,,,,,,214342
2021,Alemanha,,,,,,,3805472
2021,Áustria,,,,,,,412932
2021,Bélgica,,,,,,,512548
2021,Bulgária,,,,,,,68529
2021,Chéquia,,,,,,,238812
2021,Chipre,,,,,,,23405
2021,Croácia,,,,,,,57830
2021,Dinamarca,,,,,,,356949
2021,Eslováquia,,,,,,,98989
2021,Eslovénia,,,,,,,51555
2021,Espanha,,,,,,,1243722
2021,Estónia,,,,,,,30763
2021,Finlândia,,,,,,,252788
2021,França,,,,,,,2586548
2021,Grécia,,,,,,,183257
2021,Hungria,,,,,,,150349
2021,Irlanda,,,,,,,321063
2021,Itália,,,,,,,1862943
2021,Letónia,,,,,,,31681
2021,Lituânia,,,,,,,54779
2021,Luxemburgo,,,,,,,49472
2021,Malta,,,,,,,14623
2021,Países Baixos,,,,,,,905854
2021,Polónia,,,,,,,557511
2021,Portugal,,,,,,,214342
2021,Roménia,,,,,,,237779
2021,Suécia,,,,,,,554138
2021,União Europeia 27,,,,,,,14849397
2022,,Portugal,,,,,,239550
2022,Alemanha,,,,,,Pro,4108628
2022,Áustria,,,,,,,450022
2022,Bélgica,,,,,,,570283
2022,Bulgária,,,,,,,81422
2022,Chéquia,,,,,,,275298
2022,Chipre,,,,,,,27085
2022,Croácia,,,,,,,67019
2022,Dinamarca,,,,,,,390916
2022,Eslováquia,,,,,,,106703
2022,Eslovénia,,,,,,,56036
2022,Espanha,,,,,,r,1382724
2022,Estónia,,,,,,,35583
2022,Finlândia,,,,,,,268504
2022,França,,,,,,Pro,2729513
2022,Grécia,,,,,,Pro,205137
2022,Hungria,,,,,,,164462
2022,Irlanda,,,,,,,356517
2022,Itália,,,,,,,2016575
2022,Letónia,,,,,,,35470
2022,Lituânia,,,,,,,64798
2022,Luxemburgo,,,,,,,49650
2022,Malta,,,,,,,15701
2022,Países Baixos,,,,,,,982479
2022,Polónia,,,,,,,635721
2022,Portugal,,,,,,,239550
2022,Roménia,,,,,,,273080
2022,Suécia,,,,,,,569758
2022,União Europeia 27,,,,,,,16084648
2023,,Portugal,,,,,,263370
2023,Alemanha,,,,,,Pro,4355986
2023,Áustria,,,,,,,473419
2023,Bélgica,,,,,,Pro,604431
2023,Bulgária,,,,,,x,
2023,Chéquia,,,,,,,307381
2023,Chipre,,,,,,Pro,28341
2023,Croácia,,,,,,Pro,77465
2023,Dinamarca,,,,,,,386233
2023,Eslováquia,,,,,,,121250
2023,Eslovénia,,,,,,,63352
2023,Espanha,,,,,,r,1492860
2023,Estónia,,,,,,,36993
2023,Finlândia,,,,,,,273692
2023,França,,,,,,Pro,2875214
2023,Grécia,,,,,,Pro,218152
2023,Hungria,,,,,,,191838
2023,Irlanda,,,,,,,388351
2023,Itália,,,,,,,2120213
2023,Letónia,,,,,,,38146
2023,Lituânia,,,,,,,71534
2023,Luxemburgo,,,,,,,56210
2023,Malta,,,,,,,17897
2023,Países Baixos,,,,,,,1051957
2023,Polónia,,,,,,,720408
2023,Portugal,,,,,,Pro,260821
2023,Roménia,,,,,,Pro,315156
2023,Suécia,,,,,,r,558402
2023,União Europeia 27,,,,,,,17161611
2024,,Portugal,,,,,Pro,283973
2024,Alemanha,,,,,,Pro,4478101
2024,Áustria,,,,,,x,
2024,Bélgica,,,,,,x,
2024,Bulgária,,,,,,x,
2024,Chéquia,,,,,,,310487
2024,Chipre,,,,,,x,
2024,Croácia,,,,,,x,
2024,Dinamarca,,,,,,,404946
2024,Eslováquia,,,,,,,128025
2024,Eslovénia,,,,,,x,
2024,Espanha,,,,,,r,1590307
2024,Estónia,,,,,,x,
2024,Finlândia,,,,,,,276683
2024,França,,,,,,x,
2024,Grécia,,,,,,x,
2024,Hungria,,,,,,x,
2024,Irlanda,,,,,,x,
2024,Itália,,,,,,,2178171
2024,Letónia,,,,,,x,
2024,Lituânia,,,,,,x,
2024,Luxemburgo,,,,,,x,
2024,Malta,,,,,,x,
2024,Países Baixos,,,,,,Pro,1112485
2024,Polónia,,,,,,x,
2024,Portugal,,,,,,Pro,279943
2024,Roménia,,,,,,Pro,344070
2024,Suécia,,,,,,r,582814
2024,União Europeia 27,,,,,,,17895652
,,,,,,,,
,Indicador: Rendimento nacional bruto,,,,,,,
,Ultima atualização: 14.10.2025,,,,,,,
,Fonte: Base de dados do INE - Instituto Nacional de Estatística | Base de dados do Eurostat,,,,,,,
